"2","Bhupinder","test2@yopmail.com","","2020-09-01T12:04:00.000000Z","2020-09-01T12:04:00.000000Z","","1990-05-05","1","","","","","","","31.1471305","75.3412179","","","","","1","","","","","1"
"5","test345","test5@yopmail.com","","2020-09-01T14:46:53.000000Z","2020-09-01T14:46:53.000000Z","","1987-05-05","1","","","","","","","31.1471305","75.3412179","","","","","1","","","","",""
"6","test ver","testver@yopmail.com","","2020-09-02T07:29:36.000000Z","2020-09-02T07:29:36.000000Z","1","1988-05-05","1","","","","","1","","31.1471305","75.3412179","","","","","1","","","","","1"
"7","New Name Test","bhupinder@yopmail.com","","2020-09-04T12:32:09.000000Z","2020-09-23T14:01:00.000000Z","1","1983-05-05","3","test university 83","test business 83","1","","1","","31.1471305","75.3412179","Here are some details about me. Lorem Ipsum doetmusico elpino mosato","Pink City","Softradix","general hobbies","1","","","","",""
"8","","test1@yopmail.com","","2020-09-04T14:40:31.000000Z","2020-09-23T13:17:28.000000Z","1","1993-05-05","2","","","","","","1588","31.1471305","75.3412179","","","","","1","","","","1","1"
"9","New Name Test","r4nifty@gmail.com","","2020-09-07T14:35:26.000000Z","2020-09-21T10:48:37.000000Z","1","1983-05-05","2","test university 83","test business 83","1","","","1731","31.1471305","75.3412179","Here are some details about me. Lorem Ipsum doetmusico elpino mosato","Pink City","Softradix","general hobbies","1","","","","","1"
"10","","r4nifty1@gmail.com","","2020-09-09T12:45:37.000000Z","2020-09-09T12:45:37.000000Z","1","","","","","","","","","","","","","","","1","","","","",""
"11","","r4nifty2@gmail.com","","2020-09-09T12:47:12.000000Z","2020-09-09T12:47:12.000000Z","1","","","","","","","","","","","","","","","1","","","","","1"
"12","","r4nifty3@gmail.com","","2020-09-09T12:50:25.000000Z","2020-09-09T12:50:25.000000Z","1","","","","","","","","","","","","","","","1","","","","",""
"13","","r4nifty6@gmail.com","","2020-09-17T15:37:50.000000Z","2020-09-17T15:37:50.000000Z","1","","","","","","","","","","","","","","","1","","","","",""
